predicted_label,confidence,prob_not_hate,prob_hate
0,0.7313464,0.7313464,0.2686535
1,0.5434691,0.4565309,0.5434691
0,0.62820786,0.62820786,0.37179217
1,0.7216942,0.27830583,0.7216942
1,0.74691856,0.2530814,0.74691856
1,0.70773304,0.29226694,0.70773304
1,0.7319337,0.26806632,0.7319337
1,0.7315863,0.26841375,0.7315863
1,0.6621414,0.3378586,0.6621414
0,0.6346,0.6346,0.36540008
0,0.7475332,0.7475332,0.25246683
1,0.6321054,0.3678946,0.6321054
1,0.6687721,0.33122793,0.6687721
0,0.5483712,0.5483712,0.4516288
1,0.5731409,0.42685908,0.5731409
0,0.5151321,0.5151321,0.48486793
0,0.67682016,0.67682016,0.3231798
1,0.67925847,0.32074153,0.67925847
1,0.7192481,0.28075194,0.7192481
0,0.53582716,0.53582716,0.46417287
0,0.501709,0.501709,0.49829102
0,0.6619365,0.6619365,0.33806348
0,0.70894355,0.70894355,0.29105642
0,0.64187145,0.64187145,0.35812852
1,0.7188659,0.28113416,0.7188659
1,0.6477146,0.35228533,0.6477146
0,0.56535876,0.56535876,0.43464127
1,0.7217432,0.2782568,0.7217432
1,0.68378913,0.31621087,0.68378913
1,0.58841616,0.4115838,0.58841616
1,0.6909502,0.3090498,0.6909502
1,0.52975,0.47025004,0.52975
1,0.8328833,0.1671167,0.8328833
1,0.6136418,0.3863582,0.6136418
1,0.64556694,0.3544331,0.64556694
1,0.71673316,0.28326684,0.71673316
1,0.7471781,0.25282192,0.7471781
1,0.70249176,0.2975082,0.70249176
0,0.5085441,0.5085441,0.4914559
0,0.7256,0.7256,0.27439997
1,0.7929256,0.20707439,0.7929256
1,0.5867596,0.4132403,0.5867596
1,0.51805854,0.48194143,0.51805854
1,0.5726033,0.4273967,0.5726033
0,0.6416189,0.6416189,0.35838112
1,0.73753345,0.26246655,0.73753345
0,0.8238073,0.8238073,0.17619269
1,0.7316342,0.2683658,0.7316342
0,0.7921428,0.7921428,0.20785715
1,0.5744545,0.42554557,0.5744545
0,0.676326,0.676326,0.323674
1,0.525795,0.47420505,0.525795
1,0.5998368,0.4001632,0.5998368
0,0.57033134,0.57033134,0.4296687
0,0.8296128,0.8296128,0.17038718
1,0.7151878,0.28481215,0.7151878
1,0.6948206,0.3051794,0.6948206
1,0.7125073,0.2874927,0.7125073
1,0.750924,0.24907605,0.750924
0,0.657236,0.657236,0.342764
1,0.5215321,0.47846794,0.5215321
0,0.66855574,0.66855574,0.33144423
0,0.8680178,0.8680178,0.13198222
0,0.728205,0.728205,0.27179495
0,0.7438169,0.7438169,0.25618303
0,0.62652415,0.62652415,0.37347582
0,0.53497696,0.53497696,0.46502307
1,0.59948516,0.40051487,0.59948516
1,0.72060794,0.27939206,0.72060794
0,0.50903225,0.50903225,0.49096778
1,0.69688743,0.3031126,0.69688743
0,0.5034179,0.5034179,0.4965821
1,0.7682445,0.23175545,0.7682445
1,0.55278116,0.44721887,0.55278116
0,0.5043944,0.5043944,0.4956056
1,0.6233195,0.37668043,0.6233195
1,0.63338196,0.3666181,0.63338196
0,0.5643386,0.5643386,0.4356614
0,0.6373412,0.6373412,0.36265877
0,0.630685,0.630685,0.3693151
1,0.78617173,0.2138283,0.78617173
0,0.51781476,0.51781476,0.4821853
1,0.6218854,0.37811458,0.6218854
0,0.5107405,0.5107405,0.48925945
0,0.5094593,0.5094593,0.49054068
1,0.7042046,0.29579535,0.7042046
1,0.57701874,0.42298126,0.57701874
1,0.50146484,0.49853513,0.50146484
1,0.56457865,0.43542132,0.56457865
1,0.58302534,0.41697472,0.58302534
1,0.5802926,0.41970742,0.5802926
1,0.6446167,0.3553833,0.6446167
0,0.66714764,0.66714764,0.33285233
0,0.6138154,0.6138154,0.38618457
0,0.530571,0.530571,0.46942905
1,0.59036595,0.409634,0.59036595
1,0.5630176,0.4369824,0.5630176
1,0.66603535,0.33396465,0.66603535
0,0.7301396,0.7301396,0.26986045
1,0.66080195,0.33919802,0.66080195
1,0.56895477,0.43104523,0.56895477
1,0.61097586,0.38902414,0.61097586
1,0.64810455,0.35189548,0.64810455
1,0.6173973,0.3826027,0.6173973
1,0.57773364,0.4222664,0.57773364
1,0.5585678,0.4414322,0.5585678
0,0.82551944,0.82551944,0.1744806
1,0.6318783,0.3681217,0.6318783
0,0.6501897,0.6501897,0.34981033
1,0.55658036,0.44341967,0.55658036
1,0.72124034,0.27875966,0.72124034
1,0.5931969,0.40680304,0.5931969
1,0.5724838,0.4275162,0.5724838
1,0.6743186,0.3256814,0.6743186
1,0.58658206,0.41341794,0.58658206
0,0.56517875,0.56517875,0.43482125
1,0.74232835,0.25767165,0.74232835
1,0.7243557,0.2756443,0.7243557
1,0.6889395,0.31106052,0.6889395
0,0.6688803,0.6688803,0.33111975
0,0.52305496,0.52305496,0.47694507
0,0.7906415,0.7906415,0.20935853
1,0.6861598,0.3138402,0.6861598
1,0.7816224,0.21837752,0.7816224
1,0.7776799,0.22232,0.7776799
1,0.69383615,0.3061639,0.69383615
1,0.65506023,0.34493974,0.65506023
1,0.5464356,0.45356438,0.5464356
0,0.5314526,0.5314526,0.46854746
0,0.51330256,0.51330256,0.48669747
1,0.661595,0.338405,0.661595
0,0.5643386,0.5643386,0.4356614
0,0.5279859,0.5279859,0.47201416
0,0.7727022,0.7727022,0.22729778
1,0.7763899,0.22361009,0.7763899
0,0.7030145,0.7030145,0.29698545
0,0.77173597,0.77173597,0.228264
0,0.7139056,0.7139056,0.28609446
0,0.65182596,0.65182596,0.348174
1,0.771779,0.228221,0.771779
1,0.63570315,0.36429682,0.63570315
1,0.76577955,0.2342205,0.76577955
0,0.7770039,0.7770039,0.22299612
1,0.70644367,0.29355636,0.70644367
1,0.59608054,0.4039195,0.59608054
1,0.7180263,0.28197372,0.7180263
1,0.66617113,0.33382893,0.66617113
1,0.67851335,0.32148662,0.67851335
1,0.73119056,0.26880944,0.73119056
1,0.5463751,0.4536249,0.5463751
0,0.59490436,0.59490436,0.40509567
1,0.6384691,0.36153093,0.6384691
0,0.5216539,0.5216539,0.47834605
1,0.73336834,0.2666317,0.73336834
1,0.5093983,0.4906017,0.5093983
1,0.66912353,0.33087647,0.66912353
1,0.76803803,0.23196201,0.76803803
1,0.6207366,0.37926343,0.6207366
0,0.72262484,0.72262484,0.2773751
1,0.61027926,0.3897207,0.61027926
1,0.52366394,0.47633603,0.52366394
1,0.6427409,0.35725912,0.6427409
0,0.6021201,0.6021201,0.39787993
1,0.7511066,0.24889344,0.7511066
0,0.5672775,0.5672775,0.4327225
1,0.6375669,0.3624331,0.6375669
1,0.73631173,0.26368827,0.73631173
1,0.54691964,0.45308036,0.54691964
1,0.5285334,0.4714666,0.5285334
1,0.6919789,0.3080211,0.6919789
1,0.763649,0.23635094,0.763649
1,0.56949353,0.43050647,0.56949353
1,0.5974317,0.40256825,0.5974317
0,0.708742,0.708742,0.29125798
0,0.64871675,0.64871675,0.35128325
0,0.68431675,0.68431675,0.31568322
1,0.53928655,0.46071348,0.53928655
0,0.611556,0.611556,0.388444
0,0.50970334,0.50970334,0.49029663
0,0.5112286,0.5112286,0.48877144
1,0.6644859,0.33551413,0.6644859
1,0.7393423,0.2606577,0.7393423
0,0.6929797,0.6929797,0.3070203
0,0.7404677,0.7404677,0.2595323
1,0.6425446,0.3574554,0.6425446
1,0.6104535,0.38954654,0.6104535
0,0.72098565,0.72098565,0.27901435
1,0.7273465,0.27265352,0.7273465
1,0.6837363,0.3162637,0.6837363
0,0.69957525,0.69957525,0.30042478
0,0.7911361,0.7911361,0.2088639
0,0.5621164,0.5621164,0.43788362
0,0.7182302,0.7182302,0.28176984
0,0.5631978,0.5631978,0.4368022
1,0.5389832,0.4610168,0.5389832
0,0.7715747,0.7715747,0.22842532
1,0.66162235,0.33837768,0.66162235
1,0.646516,0.35348397,0.646516
0,0.5015869,0.5015869,0.49841312
0,0.72093344,0.72093344,0.27906653
1,0.5211056,0.47889438,0.5211056
0,0.6667952,0.6667952,0.3332048
1,0.7075815,0.29241845,0.7075815
1,0.5631978,0.4368022,0.5631978
1,0.7809654,0.21903457,0.7809654
0,0.7975962,0.7975962,0.20240377
1,0.53339744,0.46660253,0.53339744
1,0.7316941,0.2683059,0.7316941
1,0.5148272,0.4851728,0.5148272
1,0.7352965,0.26470348,0.7352965
1,0.5757073,0.4242927,0.5757073
1,0.7097238,0.2902762,0.7097238
1,0.7270438,0.27295622,0.7270438
0,0.54891527,0.54891527,0.4510847
1,0.5479479,0.4520521,0.5479479
1,0.6512995,0.34870058,0.6512995
1,0.63420355,0.36579645,0.63420355
1,0.79350626,0.20649374,0.79350626
1,0.6172819,0.38271806,0.6172819
0,0.7259645,0.7259645,0.27403557
1,0.68365717,0.31634286,0.68365717
1,0.7487357,0.25126427,0.7487357
1,0.70125294,0.29874703,0.70125294
0,0.7531604,0.7531604,0.24683957
1,0.6621414,0.3378586,0.6621414
0,0.6967455,0.6967455,0.30325443
1,0.5580862,0.44191384,0.5580862
1,0.7304792,0.26952082,0.7304792
1,0.7027851,0.2972149,0.7027851
1,0.5115946,0.4884054,0.5115946
1,0.6390324,0.3609676,0.6390324
0,0.59995395,0.59995395,0.400046
1,0.606848,0.39315203,0.606848
1,0.78057885,0.21942112,0.78057885
0,0.51647353,0.51647353,0.48352647
1,0.6640776,0.33592248,0.6640776
1,0.7066967,0.29330325,0.7066967
0,0.74658096,0.74658096,0.25341904
1,0.7718435,0.22815649,0.7718435
1,0.7763475,0.22365248,0.7763475
0,0.84195566,0.84195566,0.15804437
1,0.53309363,0.4669064,0.53309363
0,0.5196432,0.5196432,0.4803568
0,0.71839684,0.71839684,0.28160313
1,0.6494675,0.35053253,0.6494675
1,0.72115135,0.27884862,0.72115135
1,0.72057724,0.27942276,0.72057724
0,0.5682361,0.5682361,0.43176386
1,0.51452225,0.48547772,0.51452225
0,0.6096985,0.6096985,0.39030153
0,0.57224476,0.57224476,0.42775527
0,0.6408606,0.6408606,0.35913932
1,0.7033458,0.29665428,0.7033458
0,0.7812661,0.7812661,0.2187339
1,0.5371628,0.46283722,0.5371628
0,0.74623144,0.74623144,0.2537685
1,0.5542292,0.44577077,0.5542292
1,0.6210239,0.37897608,0.6210239
1,0.58474547,0.41525447,0.58474547
1,0.5127536,0.48724642,0.5127536
1,0.7291643,0.27083567,0.7291643
1,0.5432874,0.45671263,0.5432874
1,0.6354487,0.36455134,0.6354487
1,0.6307702,0.3692298,0.6307702
0,0.68494934,0.68494934,0.3150507
1,0.7145495,0.28545055,0.7145495
0,0.8260112,0.8260112,0.17398883
0,0.75728995,0.75728995,0.24271013
0,0.72587943,0.72587943,0.27412057
1,0.6326163,0.36738378,0.6326163
1,0.75853294,0.24146703,0.75853294
1,0.58806145,0.4119386,0.58806145
1,0.7569364,0.24306366,0.7569364
0,0.5463751,0.5463751,0.4536249
0,0.76125574,0.76125574,0.23874424
1,0.50463855,0.49536145,0.50463855
1,0.7205834,0.27941665,0.7205834
0,0.5324251,0.5324251,0.4675749
0,0.78164333,0.78164333,0.21835668
1,0.6945876,0.3054124,0.6945876
1,0.7233339,0.2766661,0.7233339
1,0.758818,0.24118209,0.758818
1,0.7269529,0.27304706,0.7269529
0,0.62917674,0.62917674,0.3708233
1,0.7341255,0.2658745,0.7341255
1,0.6382154,0.36178455,0.6382154
0,0.7004724,0.7004724,0.29952762
1,0.54782695,0.45217305,0.54782695
1,0.6875251,0.31247488,0.6875251
1,0.6253238,0.3746763,0.6253238
1,0.700626,0.29937395,0.700626
1,0.7904191,0.20958088,0.7904191
1,0.544983,0.45501697,0.544983
1,0.7529107,0.2470893,0.7529107
0,0.62306154,0.62306154,0.3769384
1,0.72177386,0.27822614,0.72177386
1,0.72260046,0.2773996,0.72260046
0,0.7326396,0.7326396,0.26736036
1,0.76776606,0.23223396,0.76776606
1,0.54110575,0.45889425,0.54110575
1,0.7620646,0.23793542,0.7620646
1,0.5545308,0.44546923,0.5545308
1,0.53193885,0.46806115,0.53193885
1,0.5316957,0.46830425,0.5316957
1,0.6139022,0.38609773,0.6139022
0,0.64573455,0.64573455,0.35426548
0,0.5114726,0.5114726,0.48852742
0,0.5660185,0.5660185,0.43398148
0,0.69686157,0.69686157,0.30313838
0,0.5715275,0.5715275,0.42847252
0,0.5202526,0.5202526,0.4797474
1,0.7864076,0.21359238,0.7864076
1,0.6581429,0.34185708,0.6581429
0,0.6243508,0.6243508,0.3756492
1,0.568835,0.431165,0.568835
1,0.7196053,0.28039464,0.7196053
1,0.59419805,0.4058019,0.59419805
1,0.6652747,0.33472538,0.6652747
0,0.54540676,0.54540676,0.4545932
0,0.5685356,0.5685356,0.4314644
1,0.79828507,0.20171493,0.79828507
1,0.5739172,0.42608276,0.5739172
0,0.793196,0.793196,0.20680392
1,0.75799596,0.24200405,0.75799596
1,0.7518247,0.2481753,0.7518247
1,0.7548698,0.2451302,0.7548698
1,0.58930284,0.4106972,0.58930284
0,0.5872923,0.5872923,0.4127077
1,0.53849787,0.46150216,0.53849787
1,0.7123698,0.28763023,0.7123698
1,0.6010083,0.39899176,0.6010083
0,0.57707834,0.57707834,0.4229217
1,0.58367807,0.416322,0.58367807
1,0.53035814,0.4696419,0.53035814
0,0.51793665,0.51793665,0.48206335
1,0.72354144,0.2764585,0.72354144
0,0.7788386,0.7788386,0.22116138
0,0.5837373,0.5837373,0.41626263
1,0.6454273,0.35457277,0.6454273
0,0.671309,0.671309,0.32869104
1,0.5619361,0.4380639,0.5619361
1,0.5872331,0.41276684,0.5872331
1,0.52366394,0.47633603,0.52366394
1,0.7682228,0.2317772,0.7682228
1,0.741826,0.258174,0.741826
0,0.5368593,0.5368593,0.46314073
1,0.5121436,0.4878564,0.5121436
0,0.5980775,0.5980775,0.40192255
0,0.69467825,0.69467825,0.30532178
1,0.6138733,0.38612667,0.6138733
0,0.716888,0.716888,0.283112
1,0.76467204,0.23532799,0.76467204
0,0.52908087,0.52908087,0.4709191
1,0.636692,0.36330798,0.636692
0,0.7493051,0.7493051,0.25069487
1,0.75127196,0.24872802,0.75127196
1,0.5851011,0.4148988,0.5851011
0,0.5280467,0.5280467,0.47195333
1,0.532729,0.46727097,0.532729
1,0.73868454,0.26131546,0.73868454
1,0.73667747,0.26332256,0.73667747
1,0.6118459,0.3881541,0.6118459
0,0.69653916,0.69653916,0.3034608
0,0.7918613,0.7918613,0.20813867
1,0.6896845,0.31031543,0.6896845
0,0.51110655,0.51110655,0.48889342
0,0.63767976,0.63767976,0.36232027
1,0.7067473,0.29325265,0.7067473
1,0.59231293,0.40768707,0.59231293
1,0.5658986,0.4341014,0.5658986
0,0.80704284,0.80704284,0.19295722
0,0.5322428,0.5322428,0.4677572
1,0.53692,0.46308002,0.53692
1,0.7702489,0.22975117,0.7702489
0,0.60597396,0.60597396,0.39402607
0,0.5162296,0.5162296,0.48377037
1,0.54540676,0.4545932,0.54540676
1,0.5874107,0.4125893,0.5874107
1,0.79117644,0.20882359,0.79117644
1,0.7666323,0.23336767,0.7666323
0,0.63145226,0.63145226,0.3685477
0,0.7073542,0.7073542,0.29264584
1,0.5373449,0.46265513,0.5373449
1,0.7573404,0.24265963,0.7573404
0,0.71366864,0.71366864,0.28633136
0,0.77199394,0.77199394,0.22800605
1,0.6104535,0.38954654,0.6104535
0,0.5019531,0.5019531,0.49804688
1,0.60077405,0.39922592,0.60077405
1,0.61765677,0.38234326,0.61765677
0,0.5808871,0.5808871,0.41911295
0,0.53108776,0.53108776,0.46891224
1,0.53041893,0.46958107,0.53041893
0,0.54576993,0.54576993,0.45423004
1,0.6080124,0.39198768,0.6080124
1,0.62079406,0.37920597,0.62079406
0,0.58752906,0.58752906,0.412471
1,0.62752336,0.37247667,0.62752336
1,0.61647415,0.38352585,0.61647415
0,0.73620653,0.73620653,0.26379347
1,0.7132319,0.28676808,0.7132319
0,0.55658036,0.55658036,0.44341967
1,0.5040282,0.49597177,0.5040282
0,0.671282,0.671282,0.32871795
0,0.6621414,0.6621414,0.3378586
1,0.5259167,0.4740833,0.5259167
1,0.66345096,0.33654907,0.66345096
0,0.66687655,0.66687655,0.33312345
1,0.71056557,0.28943446,0.71056557
0,0.55139256,0.55139256,0.44860744
1,0.5818378,0.41816223,0.5818378
0,0.63468486,0.63468486,0.36531517
1,0.69352484,0.30647513,0.69352484
1,0.517388,0.48261198,0.517388
1,0.6761924,0.3238076,0.6761924
0,0.5568816,0.5568816,0.4431184
1,0.75039274,0.24960725,0.75039274
1,0.6547844,0.34521565,0.6547844
0,0.7338335,0.7338335,0.2661665
0,0.76435333,0.76435333,0.23564664
1,0.7718865,0.22811352,0.7718865
1,0.71572834,0.28427166,0.71572834
1,0.6710396,0.32896045,0.6710396
0,0.68883485,0.68883485,0.31116515
1,0.57403666,0.42596337,0.57403666
1,0.5197651,0.48023492,0.5197651
0,0.770659,0.770659,0.22934099
1,0.6717129,0.32828712,0.6717129
0,0.67179364,0.67179364,0.3282064
1,0.53952914,0.46047089,0.53952914
0,0.5033569,0.5033569,0.49664313
0,0.6268097,0.6268097,0.37319025
0,0.52609926,0.52609926,0.47390068
0,0.7528887,0.7528887,0.2471113
1,0.8149933,0.18500666,0.8149933
1,0.60562414,0.3943759,0.60562414
0,0.5529622,0.5529622,0.4470378
1,0.7364598,0.26354015,0.7364598
1,0.66852874,0.3314713,0.66852874
0,0.632446,0.632446,0.36755398
1,0.787768,0.21223202,0.787768
0,0.73713446,0.73713446,0.26286548
0,0.6074885,0.6074885,0.3925115
1,0.6587743,0.34122568,0.6587743
1,0.5994265,0.4005735,0.5994265
0,0.6253809,0.6253809,0.3746191
1,0.71760905,0.28239098,0.71760905
1,0.74293494,0.2570651,0.74293494
1,0.608594,0.39140594,0.608594
1,0.76812494,0.23187502,0.76812494
1,0.5794004,0.4205996,0.5794004
1,0.75689703,0.24310295,0.75689703
1,0.63928574,0.3607142,0.63928574
0,0.5159857,0.5159857,0.48401424
0,0.604574,0.604574,0.39542598
1,0.7262558,0.27374423,0.7262558
0,0.7121571,0.7121571,0.28784287
1,0.64226425,0.3577358,0.64226425
0,0.61875165,0.61875165,0.38124835
1,0.87950945,0.12049055,0.87950945
0,0.66137636,0.66137636,0.33862367
0,0.59018886,0.59018886,0.40981114
0,0.73219407,0.73219407,0.2678059
1,0.7180263,0.28197372,0.7180263
0,0.6479375,0.6479375,0.35206255
1,0.7539822,0.24601784,0.7539822
1,0.68707913,0.3129209,0.68707913
0,0.58634526,0.58634526,0.4136548
0,0.7665777,0.7665777,0.23342226
0,0.5287159,0.5287159,0.4712841
1,0.5177538,0.48224625,0.5177538
0,0.51872903,0.51872903,0.48127097
0,0.72473633,0.72473633,0.27526364
0,0.7396576,0.7396576,0.26034245
1,0.65343106,0.34656894,0.65343106
0,0.7700327,0.7700327,0.22996724
1,0.7301095,0.26989052,0.7301095
1,0.67763406,0.32236597,0.67763406
0,0.5108625,0.5108625,0.48913744
0,0.58308464,0.58308464,0.41691536
0,0.65959704,0.65959704,0.34040296
1,0.7934263,0.20657375,0.7934263
0,0.6575384,0.6575384,0.34246156
0,0.7649355,0.7649355,0.23506448
1,0.7334854,0.2665146,0.7334854
1,0.572185,0.427815,0.572185
0,0.59278446,0.59278446,0.40721554
1,0.60827416,0.39172584,0.60827416
1,0.5827879,0.41721213,0.5827879
1,0.6768335,0.32316646,0.6768335
1,0.61607003,0.38393,0.61607003
0,0.5922539,0.5922539,0.40774605
1,0.5454673,0.45453268,0.5454673
1,0.7559271,0.24407291,0.7559271
1,0.5123266,0.48767337,0.5123266
0,0.7272496,0.7272496,0.27275035
0,0.63827175,0.63827175,0.3617282
0,0.5700322,0.5700322,0.42996782
1,0.5189728,0.4810272,0.5189728
0,0.8196499,0.8196499,0.18035014
0,0.7218412,0.7218412,0.27815872
1,0.5086661,0.49133387,0.5086661
0,0.66519314,0.66519314,0.3348069
1,0.6850284,0.3149717,0.6850284
0,0.6757111,0.6757111,0.3242889
1,0.66025454,0.33974546,0.66025454
1,0.7400805,0.25991955,0.7400805
0,0.7573558,0.7573558,0.24264422
0,0.5535656,0.5535656,0.44643435
0,0.6269811,0.6269811,0.37301895
1,0.6757378,0.32426214,0.6757378
1,0.71852034,0.28147966,0.71852034
0,0.7466012,0.7466012,0.25339884
1,0.5888891,0.41111085,0.5888891
1,0.562537,0.43746296,0.562537
0,0.7897409,0.7897409,0.21025911
0,0.7030018,0.7030018,0.29699823
0,0.50329584,0.50329584,0.49670413
1,0.71828574,0.2817143,0.71828574
0,0.58829796,0.58829796,0.41170207
1,0.71320695,0.28679305,0.71320695
1,0.6781938,0.32180625,0.6781938
1,0.5589891,0.44101086,0.5589891
1,0.70720255,0.29279748,0.70720255
0,0.59036595,0.59036595,0.409634
1,0.739587,0.260413,0.739587
0,0.5258558,0.5258558,0.4741442
1,0.5183024,0.48169765,0.5183024
1,0.7208537,0.27914634,0.7208537
1,0.65924066,0.34075934,0.65924066
1,0.7498436,0.25015637,0.7498436
1,0.5752898,0.4247102,0.5752898
1,0.73944,0.26055995,0.73944
1,0.75853294,0.24146703,0.75853294
1,0.61341023,0.38658974,0.61341023
1,0.64567864,0.35432136,0.64567864
1,0.6253238,0.3746763,0.6253238
1,0.5855752,0.41442478,0.5855752
0,0.79438496,0.79438496,0.20561504
1,0.689776,0.310224,0.689776
1,0.5138514,0.48614857,0.5138514
1,0.6946911,0.30530882,0.6946911
0,0.5874107,0.5874107,0.4125893
0,0.5264036,0.5264036,0.47359636
0,0.648522,0.648522,0.351478
1,0.6831025,0.31689754,0.6831025
0,0.6959583,0.6959583,0.30404165
0,0.71646667,0.71646667,0.28353336
0,0.7721873,0.7721873,0.22781274
1,0.51427835,0.48572165,0.51427835
1,0.78649986,0.21350014,0.78649986
1,0.7070256,0.29297444,0.7070256
1,0.60480744,0.3951925,0.60480744
1,0.63564664,0.3643534,0.63564664
0,0.52932423,0.52932423,0.47067577
1,0.6930576,0.30694237,0.6930576
1,0.791811,0.20818898,0.791811
0,0.7517621,0.7517621,0.24823792
1,0.5930791,0.40692088,0.5930791
1,0.7872266,0.21277337,0.7872266
1,0.6520476,0.34795246,0.6520476
1,0.54891527,0.4510847,0.54891527
1,0.6440572,0.35594276,0.6440572
1,0.62346286,0.37653714,0.62346286
0,0.5494593,0.5494593,0.4505407
0,0.61036634,0.61036634,0.38963363
1,0.7329833,0.26701677,0.7329833
0,0.7108792,0.7108792,0.28912076
0,0.7717145,0.7717145,0.2282855
1,0.6984966,0.30150345,0.6984966
1,0.5075678,0.4924322,0.5075678
1,0.6215983,0.37840167,0.6215983
1,0.7310166,0.26898342,0.7310166
0,0.5515133,0.5515133,0.44848666
0,0.6543979,0.6543979,0.34560204
1,0.61259943,0.3874006,0.61259943
0,0.5946101,0.5946101,0.40538988
0,0.55892897,0.55892897,0.4410711
1,0.5654188,0.43458128,0.5654188
0,0.75032413,0.75032413,0.24967586
1,0.6436934,0.35630664,0.6436934
1,0.735226,0.264774,0.735226
1,0.56859547,0.43140453,0.56859547
1,0.5455279,0.45447215,0.5455279
0,0.7139741,0.7139741,0.28602588
1,0.7084143,0.29158568,0.7084143
1,0.65141034,0.3485897,0.65141034
0,0.6281794,0.6281794,0.37182066
1,0.5768995,0.42310044,0.5768995
1,0.629376,0.37062395,0.629376
1,0.77961564,0.22038437,0.77961564
1,0.75192153,0.2480785,0.75192153
1,0.61306286,0.38693717,0.61306286
1,0.52859426,0.47140577,0.52859426
1,0.7026321,0.29736793,0.7026321
1,0.6521584,0.34784165,0.6521584
1,0.61808914,0.38191092,0.61808914
0,0.68581796,0.68581796,0.31418204
1,0.72603726,0.2739627,0.72603726
1,0.6946264,0.30537355,0.6946264
1,0.63736945,0.36263055,0.63736945
0,0.63973606,0.63973606,0.36026394
1,0.51744896,0.48255104,0.51744896
0,0.8425072,0.8425072,0.15749286
1,0.69054604,0.30945393,0.69054604
1,0.611614,0.388386,0.611614
0,0.8382168,0.8382168,0.16178322
0,0.54037815,0.54037815,0.45962182
1,0.5316957,0.46830425,0.5316957
0,0.6878397,0.6878397,0.31216028
1,0.65370744,0.34629256,0.65370744
1,0.6274378,0.3725623,0.6274378
1,0.7368328,0.26316717,0.7368328
1,0.51744896,0.48255104,0.51744896
1,0.7305963,0.2694037,0.7305963
0,0.7477311,0.7477311,0.2522689
1,0.5239075,0.47609246,0.5239075
0,0.77507323,0.77507323,0.22492677
1,0.7338931,0.26610687,0.7338931
0,0.72734046,0.72734046,0.27265957
1,0.7474317,0.25256836,0.7474317
1,0.63590103,0.36409897,0.63590103
1,0.72195154,0.2780485,0.72195154
0,0.75193286,0.75193286,0.24806711
0,0.80284554,0.80284554,0.19715448
1,0.692343,0.30765694,0.692343
0,0.7386544,0.7386544,0.26134565
1,0.7007284,0.29927155,0.7007284
1,0.79891336,0.20108666,0.79891336
1,0.7452796,0.25472036,0.7452796
1,0.55368626,0.4463137,0.55368626
0,0.5664982,0.5664982,0.43350175
0,0.60147655,0.60147655,0.3985235
1,0.5450436,0.45495644,0.5450436
0,0.51318055,0.51318055,0.48681948
0,0.5103745,0.5103745,0.4896255
0,0.61254144,0.61254144,0.38745853
1,0.61676276,0.38323724,0.61676276
1,0.5403176,0.45968243,0.5403176
1,0.6350527,0.3649473,0.6350527
1,0.54056007,0.4594399,0.54056007
1,0.59463954,0.40536046,0.59463954
0,0.6346565,0.6346565,0.36534345
1,0.6799761,0.32002386,0.6799761
1,0.7724341,0.22756588,0.7724341
1,0.7951217,0.20487829,0.7951217
0,0.55766463,0.55766463,0.4423354
1,0.6202192,0.3797809,0.6202192
1,0.68505466,0.3149453,0.68505466
1,0.5559175,0.44408256,0.5559175
1,0.56169575,0.4383043,0.56169575
0,0.8048856,0.8048856,0.19511437
1,0.70474464,0.2952553,0.70474464
1,0.5301757,0.4698243,0.5301757
0,0.67397,0.67397,0.32603
0,0.5451041,0.5451041,0.45489588
1,0.6912629,0.30873707,0.6912629
0,0.6279512,0.6279512,0.3720488
1,0.712301,0.28769904,0.712301
1,0.6844486,0.3155514,0.6844486
1,0.6149723,0.38502777,0.6149723
1,0.62016165,0.37983838,0.62016165
1,0.6539285,0.34607154,0.6539285
0,0.637059,0.637059,0.36294097
0,0.7531377,0.7531377,0.24686229
0,0.54691964,0.54691964,0.45308036
1,0.5560983,0.44390175,0.5560983
0,0.72557575,0.72557575,0.27442428
1,0.68659335,0.31340665,0.68659335
0,0.59036595,0.59036595,0.409634
1,0.6679604,0.3320396,0.6679604
0,0.66290563,0.66290563,0.33709443
1,0.74284744,0.2571525,0.74284744
1,0.6786731,0.32132688,0.6786731
1,0.6271523,0.37284768,0.6271523
1,0.64556694,0.3544331,0.64556694
1,0.7968266,0.20317341,0.7968266
1,0.50329584,0.49670413,0.50329584
1,0.6612396,0.3387604,0.6612396
1,0.5167174,0.4832826,0.5167174
1,0.6945099,0.3054901,0.6945099
1,0.619759,0.38024104,0.619759
1,0.5114726,0.48852742,0.5114726
1,0.7674721,0.23252791,0.7674721
1,0.52244586,0.47755417,0.52244586
0,0.7286638,0.7286638,0.27133614
1,0.6596519,0.34034815,0.6596519
1,0.7826106,0.21738943,0.7826106
0,0.5723643,0.5723643,0.42763573
0,0.5966095,0.5966095,0.4033906
0,0.51903373,0.51903373,0.4809662
0,0.55441016,0.55441016,0.4455898
0,0.68573904,0.68573904,0.31426096
1,0.7209949,0.27900514,0.7209949
1,0.6656008,0.33439925,0.6656008
0,0.63204867,0.63204867,0.36795136
0,0.6917967,0.6917967,0.30820325
1,0.5122046,0.48779538,0.5122046
0,0.6048658,0.6048658,0.3951342
1,0.5178757,0.4821243,0.5178757
0,0.7563801,0.7563801,0.24361995
0,0.5179976,0.5179976,0.4820024
1,0.60917544,0.3908245,0.60917544
1,0.5900117,0.4099883,0.5900117
0,0.6960616,0.6960616,0.3039384
0,0.72608584,0.72608584,0.2739142
1,0.7414956,0.25850436,0.7414956
0,0.52147114,0.52147114,0.47852883
0,0.8249208,0.8249208,0.17507921
1,0.573559,0.426441,0.573559
1,0.6573185,0.3426815,0.6573185
1,0.78114283,0.21885714,0.78114283
1,0.61120796,0.38879207,0.61120796
0,0.6489114,0.6489114,0.35108855
0,0.7928455,0.7928455,0.20715457
1,0.60445726,0.3955427,0.60445726
0,0.68085206,0.68085206,0.3191479
1,0.5850419,0.41495812,0.5850419
1,0.56139517,0.43860483,0.56139517
1,0.6399892,0.3600108,0.6399892
1,0.7461621,0.25383785,0.7461621
1,0.5194604,0.48053965,0.5194604
0,0.64985645,0.64985645,0.35014358
1,0.71033955,0.28966045,0.71033955
0,0.6889656,0.6889656,0.31103435
1,0.8559415,0.14405851,0.8559415
0,0.6469622,0.6469622,0.35303777
0,0.75186455,0.75186455,0.24813542
1,0.667825,0.332175,0.667825
0,0.55826676,0.55826676,0.44173324
1,0.7596046,0.24039546,0.7596046
1,0.74104786,0.25895208,0.74104786
0,0.74351734,0.74351734,0.25648266
0,0.53151333,0.53151333,0.46848664
1,0.53928655,0.46071348,0.53928655
0,0.57075006,0.57075006,0.4292499
0,0.6819916,0.6819916,0.31800842
1,0.632446,0.36755398,0.632446
0,0.7338946,0.7338946,0.2661054
0,0.65544635,0.65544635,0.3445537
1,0.60591567,0.39408436,0.60591567
0,0.7766759,0.7766759,0.22332412
0,0.5062252,0.5062252,0.49377474
1,0.7843397,0.2156603,0.7843397
1,0.60358137,0.3964186,0.60358137
1,0.7421415,0.2578585,0.7421415
0,0.7528596,0.7528596,0.24714041
1,0.5720057,0.4279943,0.5720057
1,0.56385833,0.43614164,0.56385833
1,0.63307005,0.36692995,0.63307005
1,0.6863569,0.3136431,0.6863569
0,0.5639784,0.5639784,0.4360216
0,0.7806939,0.7806939,0.21930614
0,0.5951397,0.5951397,0.40486035
1,0.5131196,0.48688045,0.5131196
1,0.6196439,0.38035607,0.6196439
1,0.7044906,0.2955094,0.7044906
1,0.6080124,0.39198768,0.6080124
0,0.67595184,0.67595184,0.3240482
0,0.5250035,0.5250035,0.47499645
1,0.6404953,0.35950467,0.6404953
1,0.7597717,0.2402283,0.7597717
1,0.58752906,0.412471,0.58752906
0,0.850189,0.850189,0.14981103
1,0.63352364,0.36647636,0.63352364
0,0.69706786,0.69706786,0.3029321
1,0.6749349,0.3250651,0.6749349
1,0.66879916,0.33120084,0.66879916
0,0.5973143,0.5973143,0.4026857
1,0.73920995,0.26079008,0.73920995
0,0.61641645,0.61641645,0.38358355
1,0.562537,0.43746296,0.562537
1,0.71459067,0.2854093,0.71459067
0,0.6361836,0.6361836,0.3638164
1,0.73216116,0.26783887,0.73216116
1,0.7117816,0.28821838,0.7117816
0,0.56511873,0.56511873,0.43488124
1,0.55374664,0.44625342,0.55374664
0,0.63827175,0.63827175,0.3617282
1,0.60498255,0.3950175,0.60498255
0,0.58023316,0.58023316,0.4197669
1,0.6905852,0.30941483,0.6905852
0,0.5975492,0.5975492,0.40245083
0,0.63037217,0.63037217,0.3696279
1,0.59190017,0.40809983,0.59190017
1,0.6899588,0.3100412,0.6899588
1,0.7281929,0.27180704,0.7281929
0,0.6556944,0.6556944,0.34430563
0,0.5910743,0.5910743,0.40892574
0,0.7767288,0.7767288,0.22327119
1,0.69742864,0.3025714,0.69742864
0,0.650495,0.650495,0.34950495
1,0.648522,0.351478,0.648522
1,0.6229756,0.37702444,0.6229756
0,0.5008545,0.5008545,0.4991455
0,0.7845255,0.7845255,0.21547455
1,0.66006285,0.33993718,0.66006285
1,0.5699125,0.43008754,0.5699125
1,0.53424805,0.46575195,0.53424805
1,0.5806493,0.41935065,0.5806493
0,0.5119606,0.5119606,0.4880394
0,0.6082451,0.6082451,0.39175493
1,0.77853245,0.22146748,0.77853245
0,0.6257526,0.6257526,0.3742474
0,0.64888364,0.64888364,0.35111636
0,0.51952136,0.51952136,0.48047867
1,0.50524884,0.4947512,0.50524884
0,0.51360744,0.51360744,0.4863925
0,0.60620713,0.60620713,0.39379293
0,0.52366394,0.52366394,0.47633603
1,0.71725947,0.2827405,0.71725947
1,0.52208036,0.47791964,0.52208036
0,0.55959094,0.55959094,0.4404091
1,0.7182116,0.28178835,0.7182116
0,0.64774257,0.64774257,0.3522575
0,0.7374301,0.7374301,0.26256996
1,0.60247093,0.39752904,0.60247093
1,0.6904287,0.30957136,0.6904287
1,0.55724305,0.44275695,0.55724305
1,0.7583876,0.24161239,0.7583876
1,0.5620563,0.43794367,0.5620563
1,0.6838419,0.3161581,0.6838419
1,0.71806955,0.28193048,0.71806955
0,0.5114116,0.5114116,0.48858842
1,0.7193467,0.28065336,0.7193467
0,0.64447683,0.64447683,0.35552314
1,0.5539879,0.44601205,0.5539879
1,0.57975733,0.42024267,0.57975733
1,0.62980306,0.37019697,0.62980306
1,0.5527208,0.4472792,0.5527208
1,0.53291136,0.46708867,0.53291136
1,0.744784,0.25521603,0.744784
0,0.6169935,0.6169935,0.38300648
1,0.7405088,0.25949126,0.7405088
1,0.6550327,0.34496737,0.6550327
0,0.70997524,0.70997524,0.2900248
1,0.6520753,0.34792474,0.6520753
1,0.5532036,0.44679642,0.5532036
0,0.57731664,0.57731664,0.42268333
0,0.7891525,0.7891525,0.21084754
1,0.63335353,0.36664644,0.63335353
1,0.5287159,0.4712841,0.5287159
1,0.56175584,0.4382442,0.56175584
0,0.8322026,0.8322026,0.16779745
0,0.65318227,0.65318227,0.3468178
0,0.6576484,0.6576484,0.34235165
1,0.73205495,0.26794508,0.73205495
0,0.5839746,0.5839746,0.41602537
1,0.51470524,0.4852948,0.51470524
0,0.6304574,0.6304574,0.36954254
0,0.7876251,0.7876251,0.21237493
0,0.7625954,0.7625954,0.23740461
1,0.7773421,0.22265787,0.7773421
1,0.66725606,0.3327439,0.66725606
0,0.5291417,0.5291417,0.47085828
0,0.6497453,0.6497453,0.35025468
1,0.64871675,0.35128325,0.64871675
0,0.7656919,0.7656919,0.23430808
1,0.6033477,0.39665228,0.6033477
1,0.57892436,0.4210756,0.57892436
1,0.60917544,0.3908245,0.60917544
1,0.5500032,0.4499968,0.5500032
0,0.69028515,0.69028515,0.30971485
1,0.6384127,0.36158732,0.6384127
1,0.73548734,0.26451272,0.73548734
0,0.6645131,0.6645131,0.3354869
1,0.6723586,0.3276414,0.6723586
1,0.75877327,0.24122675,0.75877327
1,0.52859426,0.47140577,0.52859426
0,0.5079339,0.5079339,0.49206612
1,0.5672176,0.4327824,0.5672176
1,0.7006644,0.29933554,0.7006644
0,0.5757073,0.5757073,0.4242927
1,0.7107161,0.28928384,0.7107161
0,0.76681787,0.76681787,0.2331821
0,0.7021345,0.7021345,0.2978655
0,0.6948206,0.6948206,0.3051794
0,0.55380696,0.55380696,0.44619304
1,0.61335236,0.38664764,0.61335236
0,0.6248946,0.6248946,0.3751054
1,0.5358879,0.46411213,0.5358879
0,0.69158846,0.69158846,0.3084115
0,0.8322026,0.8322026,0.16779745
1,0.56529874,0.43470126,0.56529874
1,0.8250265,0.17497346,0.8250265
1,0.70740473,0.29259533,0.70740473
1,0.68389463,0.3161053,0.68389463
0,0.52244586,0.52244586,0.47755417
1,0.5351592,0.46484083,0.5351592
1,0.6573185,0.3426815,0.6573185
0,0.58575296,0.58575296,0.41424707
1,0.5825504,0.41744956,0.5825504
1,0.59561014,0.40438983,0.59561014
0,0.71469027,0.71469027,0.28530973
0,0.5330329,0.5330329,0.46696714
0,0.61375755,0.61375755,0.38624245
1,0.55820656,0.4417934,0.55820656
1,0.7589017,0.24109831,0.7589017
1,0.615839,0.38416103,0.615839
1,0.5640985,0.43590152,0.5640985
0,0.73294437,0.73294437,0.26705557
1,0.5917823,0.4082178,0.5917823
1,0.6521584,0.34784165,0.6521584
1,0.7115687,0.2884313,0.7115687
1,0.64846635,0.35153365,0.64846635
0,0.52366394,0.52366394,0.47633603
1,0.64565074,0.3543493,0.64565074
1,0.61800265,0.38199735,0.61800265
1,0.75590736,0.24409263,0.75590736
1,0.7558623,0.24413767,0.7558623
1,0.63476974,0.3652303,0.63476974
1,0.53315437,0.4668456,0.53315437
1,0.55760443,0.4423956,0.55760443
0,0.6806398,0.6806398,0.31936014
1,0.6733259,0.32667407,0.6733259
0,0.5752301,0.5752301,0.42476988
1,0.6986251,0.30137488,0.6986251
1,0.73226285,0.2677371,0.73226285
0,0.592195,0.592195,0.407805
1,0.56535876,0.43464127,0.56535876
0,0.74714065,0.74714065,0.2528594
0,0.54043883,0.54043883,0.45956117
1,0.73809135,0.26190868,0.73809135
0,0.7578504,0.7578504,0.24214964
0,0.6017106,0.6017106,0.3982894
1,0.6677167,0.33228332,0.6677167
0,0.60556585,0.60556585,0.3944342
0,0.5485526,0.5485526,0.45144743
1,0.6321054,0.3678946,0.6321054
0,0.86627394,0.86627394,0.13372602
1,0.75387454,0.24612541,0.75387454
0,0.5151321,0.5151321,0.48486793
0,0.6620594,0.6620594,0.33794054
1,0.5015869,0.49841312,0.5015869
0,0.5535656,0.5535656,0.44643435
1,0.631026,0.36897394,0.631026
0,0.7761461,0.7761461,0.2238539
1,0.79418546,0.2058145,0.79418546
1,0.74443,0.25557005,0.74443
0,0.6458462,0.6458462,0.35415378
1,0.55157375,0.4484263,0.55157375
1,0.54237854,0.45762146,0.54237854
1,0.6998189,0.30018112,0.6998189
1,0.60515755,0.39484245,0.60515755
1,0.5355843,0.46441573,0.5355843
0,0.73887515,0.73887515,0.2611248
0,0.5458305,0.5458305,0.45416954
0,0.5642185,0.5642185,0.43578145
1,0.7458325,0.2541675,0.7458325
1,0.64957863,0.3504214,0.64957863
1,0.7279754,0.27202457,0.7279754
1,0.67856663,0.32143337,0.67856663
0,0.7487658,0.7487658,0.2512341
1,0.70167476,0.29832524,0.70167476
1,0.6788595,0.3211406,0.6788595
1,0.62646705,0.37353298,0.62646705
1,0.671309,0.32869104,0.671309
1,0.73281,0.26719,0.73281
1,0.51287556,0.4871244,0.51287556
1,0.5622966,0.4377033,0.5622966
0,0.57969785,0.57969785,0.42030212
0,0.76264477,0.76264477,0.23735522
1,0.71528727,0.2847127,0.71528727
0,0.5137904,0.5137904,0.48620954
0,0.64646024,0.64646024,0.3535398
0,0.75027555,0.75027555,0.24972446
1,0.6878659,0.31213406,0.6878659
1,0.8880812,0.11191885,0.8880812
1,0.7621587,0.23784137,0.7621587
0,0.6318783,0.6318783,0.3681217
0,0.5946689,0.5946689,0.40533105
1,0.7712518,0.22874822,0.7712518
0,0.8278978,0.8278978,0.17210226
0,0.6260099,0.6260099,0.37399012
0,0.6621414,0.6621414,0.3378586
1,0.61341023,0.38658974,0.61341023
0,0.6135839,0.6135839,0.38641608
0,0.54461974,0.54461974,0.45538023
1,0.6887302,0.31126982,0.6887302
1,0.7763157,0.22368427,0.7763157
1,0.60597396,0.39402607,0.60597396
1,0.53449106,0.46550897,0.53449106
1,0.7748816,0.22511837,0.7748816
1,0.7459894,0.2540106,0.7459894
1,0.637313,0.36268696,0.637313
1,0.5147662,0.48523378,0.5147662
1,0.5172051,0.48279485,0.5172051
1,0.7991094,0.20089063,0.7991094
1,0.5632578,0.43674213,0.5632578
1,0.6318783,0.3681217,0.6318783
0,0.5401963,0.5401963,0.45980373
1,0.5780314,0.42196864,0.5780314
0,0.63860995,0.63860995,0.36139008
0,0.5393472,0.5393472,0.46065283
1,0.5278033,0.47219667,0.5278033
1,0.7548133,0.24518666,0.7548133
0,0.6471434,0.6471434,0.35285655
1,0.6638052,0.3361948,0.6638052
0,0.75494885,0.75494885,0.24505112
1,0.5799952,0.42000473,0.5799952
1,0.624637,0.37536293,0.624637
0,0.54570943,0.54570943,0.4542906
1,0.59502196,0.40497798,0.59502196
0,0.57158726,0.57158726,0.42841277
1,0.698972,0.301028,0.698972
1,0.77807015,0.2219298,0.77807015
0,0.8060524,0.8060524,0.19394764
0,0.666334,0.666334,0.33366603
0,0.7112429,0.7112429,0.2887571
0,0.7213324,0.7213324,0.27866763
0,0.54461974,0.54461974,0.45538023
1,0.6902721,0.30972794,0.6902721
1,0.66044617,0.3395538,0.66044617
0,0.7446883,0.7446883,0.25531176
0,0.5546514,0.5546514,0.44534862
1,0.7130696,0.2869304,0.7130696
0,0.62148345,0.62148345,0.37851653
1,0.7273435,0.27265653,0.7273435
1,0.6097565,0.39024344,0.6097565
0,0.6809316,0.6809316,0.31906834
1,0.602354,0.39764598,0.602354
0,0.75434995,0.75434995,0.24565008
1,0.5974317,0.40256825,0.5974317
0,0.60876846,0.60876846,0.39123148
0,0.5448014,0.5448014,0.45519862
1,0.6084777,0.39152226,0.6084777
1,0.7580813,0.24191868,0.7580813
0,0.6632874,0.6632874,0.33671263
1,0.5535053,0.4464947,0.5535053
0,0.5253688,0.5253688,0.4746312
1,0.5516945,0.44830552,0.5516945
1,0.51781476,0.4821853,0.51781476
1,0.54146945,0.45853055,0.54146945
0,0.7336532,0.7336532,0.26634684
0,0.5401356,0.5401356,0.45986438
1,0.6006569,0.39934307,0.6006569
1,0.61039543,0.38960463,0.61039543
1,0.5910153,0.40898472,0.5910153
1,0.6754436,0.32455644,0.6754436
1,0.57969785,0.42030212,0.57969785
1,0.7473625,0.2526375,0.7473625
1,0.6652747,0.33472538,0.6652747
0,0.55953074,0.55953074,0.44046926
1,0.7351005,0.26489955,0.7351005
0,0.5390439,0.5390439,0.4609561
0,0.6254381,0.6254381,0.37456188
0,0.53679854,0.53679854,0.46320143
1,0.64307714,0.35692284,0.64307714
0,0.6861204,0.6861204,0.31387967
1,0.5752898,0.4247102,0.5752898
1,0.7208137,0.27918628,0.7208137
1,0.7457645,0.25423548,0.7457645
0,0.56001204,0.56001204,0.43998796
1,0.5778527,0.42214724,0.5778527
0,0.64074826,0.64074826,0.35925174
1,0.7675374,0.23246257,0.7675374
1,0.7617601,0.23823988,0.7617601
1,0.7347154,0.26528457,0.7347154
1,0.7520467,0.2479533,0.7520467
0,0.6224306,0.6224306,0.37756935
1,0.6788062,0.32119378,0.6788062
0,0.65605253,0.65605253,0.34394744
0,0.6173108,0.6173108,0.3826892
1,0.7821845,0.21781549,0.7821845
0,0.5037231,0.5037231,0.49627692
0,0.5210447,0.5210447,0.4789553
0,0.6674593,0.6674593,0.3325407
0,0.5834407,0.5834407,0.41655928
0,0.5672176,0.5672176,0.4327824
1,0.5785672,0.42143276,0.5785672
1,0.74642795,0.25357208,0.74642795
1,0.7685921,0.23140791,0.7685921
1,0.5622366,0.4377634,0.5622366
0,0.5731409,0.5731409,0.42685908
0,0.5131196,0.5131196,0.48688045
1,0.6855286,0.31447145,0.6855286
1,0.5362522,0.4637478,0.5362522
1,0.636692,0.36330798,0.636692
0,0.5416513,0.5416513,0.4583487
0,0.50183105,0.50183105,0.49816898
0,0.85696197,0.85696197,0.143038
1,0.60159355,0.39840645,0.60159355
0,0.54540676,0.54540676,0.4545932
1,0.5777932,0.4222068,0.5777932
1,0.67854,0.32145998,0.67854
1,0.60270476,0.39729518,0.60270476
1,0.74834657,0.25165346,0.74834657
0,0.70503986,0.70503986,0.2949601
0,0.7130322,0.7130322,0.28696787
1,0.54570943,0.4542906,0.54570943
1,0.51586384,0.48413622,0.51586384
1,0.5278033,0.47219667,0.5278033
1,0.6395109,0.36048904,0.6395109
0,0.7800348,0.7800348,0.2199652
1,0.7609061,0.23909386,0.7609061
0,0.76262856,0.76262856,0.23737144
1,0.50823903,0.491761,0.50823903
1,0.5988988,0.40110117,0.5988988
0,0.5757073,0.5757073,0.4242927
0,0.53795177,0.53795177,0.46204823
0,0.8198212,0.8198212,0.18017879
0,0.6604736,0.6604736,0.33952644
0,0.69699055,0.69699055,0.30300945
0,0.69945973,0.69945973,0.30054024
1,0.6692046,0.33079538,0.6692046
1,0.73039204,0.26960793,0.73039204
1,0.7123072,0.28769276,0.7123072
0,0.68030804,0.68030804,0.31969193
1,0.7527176,0.24728239,0.7527176
1,0.6430491,0.35695085,0.6430491
0,0.77274513,0.77274513,0.22725491
1,0.6780339,0.3219661,0.6780339
0,0.505615,0.505615,0.49438503
1,0.66714764,0.33285233,0.66714764
1,0.5755284,0.42447162,0.5755284
1,0.72590375,0.27409628,0.72590375
1,0.6494119,0.35058814,0.6494119
0,0.67009574,0.67009574,0.32990423
1,0.57892436,0.4210756,0.57892436
1,0.72131395,0.27868602,0.72131395
1,0.61800265,0.38199735,0.61800265
1,0.73244834,0.2675517,0.73244834
0,0.7073036,0.7073036,0.2926964
0,0.81844676,0.81844676,0.18155324
1,0.59089726,0.40910277,0.59089726
1,0.65127176,0.3487283,0.65127176
1,0.7272981,0.27270195,0.7272981
1,0.5641585,0.43584147,0.5641585
0,0.50445545,0.50445545,0.49554455
0,0.5573635,0.5573635,0.4426365
1,0.7922935,0.20770647,0.7922935
1,0.62360615,0.37639388,0.62360615
0,0.6019446,0.6019446,0.39805537
1,0.77469,0.22531007,0.77469
1,0.6837627,0.31623727,0.6837627
1,0.7683098,0.23169026,0.7683098
1,0.70238656,0.29761347,0.70238656
0,0.5280467,0.5280467,0.47195333
0,0.541227,0.541227,0.45877302
0,0.64977306,0.64977306,0.35022688
1,0.7898017,0.21019831,0.7898017
1,0.52975,0.47025004,0.52975
1,0.57296175,0.42703828,0.57296175
0,0.5794599,0.5794599,0.4205401
1,0.5291417,0.47085828,0.5291417
0,0.73771363,0.73771363,0.26228642
0,0.50305176,0.50305176,0.4969483
1,0.6604736,0.33952644,0.6604736
0,0.6449522,0.6449522,0.35504776
0,0.56511873,0.56511873,0.43488124
1,0.6670392,0.33296075,0.6670392
0,0.5628975,0.5628975,0.43710256
1,0.59455127,0.4054487,0.59455127
0,0.6581704,0.6581704,0.34182966
0,0.7301396,0.7301396,0.26986045
0,0.6094661,0.6094661,0.39053398
0,0.5053709,0.5053709,0.4946291
0,0.56559867,0.56559867,0.43440133
0,0.59596294,0.59596294,0.40403706
1,0.7953205,0.20467952,0.7953205
0,0.5067745,0.5067745,0.4932255
1,0.61352605,0.38647398,0.61352605
1,0.5208619,0.4791381,0.5208619
0,0.59366816,0.59366816,0.40633184
0,0.67595184,0.67595184,0.3240482
0,0.5917232,0.5917232,0.40827674
1,0.56799656,0.4320035,0.56799656
0,0.58195657,0.58195657,0.4180434
1,0.58266914,0.41733086,0.58266914
1,0.7850409,0.2149591,0.7850409
1,0.5024414,0.49755862,0.5024414
0,0.6846331,0.6846331,0.31536686
1,0.5024414,0.49755862,0.5024414
0,0.77145636,0.77145636,0.22854368
1,0.6268668,0.37313315,0.6268668
0,0.73104656,0.73104656,0.2689534
0,0.5040282,0.5040282,0.49597177
1,0.6000126,0.3999874,0.6000126
1,0.73272336,0.26727667,0.73272336
0,0.79256964,0.79256964,0.20743039
1,0.63096917,0.3690308,0.63096917
0,0.8296301,0.8296301,0.17036992
1,0.7755091,0.2244908,0.7755091
1,0.6673645,0.3326355,0.6673645
1,0.67120117,0.32879877,0.67120117
0,0.7487027,0.7487027,0.2512973
0,0.7242094,0.7242094,0.27579057
0,0.63397694,0.63397694,0.366023
1,0.7571777,0.24282229,0.7571777
0,0.58646363,0.58646363,0.41353637
1,0.5560983,0.44390175,0.5560983
1,0.6538456,0.34615442,0.6538456
0,0.66345096,0.66345096,0.33654907
0,0.5117166,0.5117166,0.4882834
0,0.6581841,0.6581841,0.34181592
0,0.59284335,0.59284335,0.4071566
0,0.5755284,0.5755284,0.42447162
1,0.81640637,0.18359363,0.81640637
0,0.6369461,0.6369461,0.3630539
1,0.7199008,0.28009915,0.7199008
0,0.7469936,0.7469936,0.25300646
0,0.5946689,0.5946689,0.40533105
1,0.7016236,0.29837635,0.7016236
0,0.5128146,0.5128146,0.48718542
1,0.6477146,0.35228533,0.6477146
1,0.81784743,0.1821526,0.81784743
1,0.6927459,0.3072541,0.6927459
0,0.77164996,0.77164996,0.22835001
1,0.6615677,0.33843237,0.6615677
0,0.820739,0.820739,0.179261
1,0.70811164,0.29188836,0.70811164
0,0.60533255,0.60533255,0.39466748
0,0.5390439,0.5390439,0.4609561
1,0.54213613,0.45786384,0.54213613
1,0.6382154,0.36178455,0.6382154
0,0.71771723,0.71771723,0.28228274
1,0.61687815,0.38312188,0.61687815
1,0.55694187,0.4430582,0.55694187
1,0.69199187,0.3080081,0.69199187
0,0.5615755,0.5615755,0.43842447
0,0.6081869,0.6081869,0.3918131
1,0.5366772,0.46332285,0.5366772
1,0.8530885,0.14691146,0.8530885
0,0.5139734,0.5139734,0.4860266
0,0.5662584,0.5662584,0.4337416
0,0.618262,0.618262,0.381738
1,0.6561902,0.34380975,0.6561902
1,0.59313804,0.406862,0.59313804
1,0.7438489,0.25615108,0.7438489
0,0.8475266,0.8475266,0.1524734
1,0.59372705,0.40627295,0.59372705
0,0.5485526,0.5485526,0.45144743
0,0.6874465,0.6874465,0.31255358
0,0.6831025,0.6831025,0.31689754
1,0.60591567,0.39408436,0.60591567
1,0.7704972,0.22950284,0.7704972
1,0.6163587,0.3836413,0.6163587
0,0.79024714,0.79024714,0.20975281
1,0.5992507,0.4007494,0.5992507
1,0.7237978,0.2762022,0.7237978
0,0.8419881,0.8419881,0.15801187
1,0.58296597,0.41703403,0.58296597
0,0.71381825,0.71381825,0.2861817
0,0.6234485,0.6234485,0.37655148
0,0.71967924,0.71967924,0.28032076
0,0.6669037,0.6669037,0.33309636
0,0.5391652,0.5391652,0.46083477
1,0.6963085,0.30369148,0.6963085
0,0.61578125,0.61578125,0.38421875
0,0.5480084,0.5480084,0.45199162
0,0.6238353,0.6238353,0.37616467
0,0.83262825,0.83262825,0.1673717
1,0.64749175,0.3525082,0.64749175
1,0.5330329,0.46696714,0.5330329
0,0.50219727,0.50219727,0.49780273
1,0.54576993,0.45423004,0.54576993
0,0.788807,0.788807,0.21119305
0,0.6518537,0.6518537,0.34814632
1,0.63119656,0.36880344,0.63119656
0,0.64055157,0.64055157,0.35944846
1,0.6894886,0.3105114,0.6894886
0,0.71261984,0.71261984,0.2873802
0,0.5640985,0.5640985,0.43590152
1,0.65373504,0.3462649,0.65373504
0,0.5958454,0.5958454,0.40415466
1,0.60632366,0.39367637,0.60632366
0,0.5003052,0.5003052,0.49969485
1,0.8192616,0.18073845,0.8192616
1,0.7146032,0.28539687,0.7146032
1,0.5993679,0.4006321,0.5993679
1,0.7485591,0.25144085,0.7485591
1,0.5988402,0.40115985,0.5988402
1,0.6261242,0.37387583,0.6261242
1,0.6837099,0.31629008,0.6837099
1,0.532729,0.46727097,0.532729
1,0.7594039,0.24059613,0.7594039
0,0.5986642,0.5986642,0.4013358
1,0.6720358,0.32796422,0.6720358
0,0.5961981,0.5961981,0.40380192
0,0.6184348,0.6184348,0.38156515
1,0.6589664,0.34103364,0.6589664
0,0.7735105,0.7735105,0.22648944
1,0.59643316,0.4035669,0.59643316
0,0.6065567,0.6065567,0.39344326
1,0.778723,0.22127706,0.778723
0,0.54437757,0.54437757,0.45562246
0,0.75329655,0.75329655,0.24670345
1,0.69866365,0.30133635,0.69866365
1,0.5161077,0.48389232,0.5161077
0,0.6340053,0.6340053,0.3659947
1,0.62452257,0.37547743,0.62452257
0,0.55959094,0.55959094,0.4404091
1,0.67869973,0.32130027,0.67869973
0,0.7020898,0.7020898,0.29791018
0,0.60964036,0.60964036,0.39035964
1,0.68900484,0.3109951,0.68900484
1,0.75839317,0.24160679,0.75839317
1,0.7018025,0.29819754,0.7018025
1,0.61488557,0.3851145,0.61488557
1,0.58302534,0.41697472,0.58302534
0,0.65152115,0.65152115,0.34847882
1,0.56037295,0.43962702,0.56037295
1,0.6434414,0.35655868,0.6434414
1,0.55380696,0.44619304,0.55380696
1,0.68581796,0.31418204,0.68581796
1,0.5294459,0.47055414,0.5294459
0,0.6468507,0.6468507,0.3531493
1,0.6727081,0.32729194,0.6727081
0,0.6046324,0.6046324,0.3953676
1,0.7485907,0.2514093,0.7485907
1,0.7054776,0.2945224,0.7054776
1,0.71364367,0.2863563,0.71364367
0,0.6561627,0.6561627,0.3438373
0,0.61751264,0.61751264,0.3824874
1,0.522324,0.47767597,0.522324
1,0.7526907,0.24730939,0.7526907
1,0.7295288,0.2704712,0.7295288
1,0.7250103,0.27498978,0.7250103
0,0.75157976,0.75157976,0.24842021
0,0.5231158,0.5231158,0.47688413
1,0.50524884,0.4947512,0.50524884
0,0.56559867,0.56559867,0.43440133
0,0.5259167,0.5259167,0.4740833
1,0.63590103,0.36409897,0.63590103
1,0.7347794,0.26522055,0.7347794
1,0.6315943,0.3684057,0.6315943
1,0.6608293,0.33917066,0.6608293
0,0.597784,0.597784,0.402216
1,0.75568634,0.24431372,0.75568634
1,0.7367796,0.26322046,0.7367796
0,0.5835594,0.5835594,0.41644064
0,0.7468321,0.7468321,0.253168
0,0.6199028,0.6199028,0.3800972
1,0.6978664,0.30213365,0.6978664
0,0.57684,0.57684,0.42316005
0,0.7301456,0.7301456,0.26985443
1,0.69569993,0.30430004,0.69569993
1,0.5643986,0.43560135,0.5643986
1,0.6745599,0.32544017,0.6745599
0,0.63414687,0.63414687,0.36585307
0,0.53643435,0.53643435,0.46356568
1,0.7276021,0.2723979,0.7276021
1,0.70933384,0.29066616,0.70933384
0,0.71534944,0.71534944,0.28465056
1,0.761893,0.238107,0.761893
0,0.61219376,0.61219376,0.38780627
1,0.6100469,0.38995302,0.6100469
1,0.73888844,0.26111156,0.73888844
1,0.7145098,0.28549024,0.7145098
1,0.61085975,0.38914022,0.61085975
1,0.61335236,0.38664764,0.61335236
1,0.61745495,0.38254502,0.61745495
1,0.6826002,0.3173998,0.6826002
1,0.7572057,0.24279425,0.7572057
0,0.61641645,0.61641645,0.38358355
0,0.6008912,0.6008912,0.39910886
0,0.71606976,0.71606976,0.28393027
0,0.6866131,0.6866131,0.31338692
0,0.6666324,0.6666324,0.33336756
1,0.7724341,0.22756588,0.7724341
1,0.64829934,0.35170063,0.64829934
0,0.6228035,0.6228035,0.37719646
1,0.5526,0.44739994,0.5526
0,0.5285334,0.5285334,0.4714666
0,0.66252357,0.66252357,0.3374764
1,0.65141034,0.3485897,0.65141034
1,0.56673807,0.43326193,0.56673807
0,0.7738579,0.7738579,0.22614211
1,0.5872923,0.4127077,0.5872923
1,0.54691964,0.45308036,0.54691964
1,0.57666117,0.4233388,0.57666117
1,0.7613666,0.23863335,0.7613666
1,0.62222975,0.3777702,0.62222975
1,0.6595422,0.34045777,0.6595422
1,0.7126073,0.28739265,0.7126073
0,0.66774374,0.66774374,0.33225623
1,0.51665646,0.48334357,0.51665646
1,0.5971381,0.4028619,0.5971381
1,0.66096616,0.33903387,0.66096616
0,0.5676969,0.5676969,0.432303
1,0.6302868,0.36971325,0.6302868
1,0.68128955,0.3187104,0.68128955
1,0.68773484,0.31226513,0.68773484
1,0.74765337,0.25234663,0.74765337
0,0.6154924,0.6154924,0.3845076
1,0.54570943,0.4542906,0.54570943
1,0.7774794,0.22252057,0.7774794
0,0.590425,0.590425,0.409575
0,0.7892337,0.7892337,0.2107663
1,0.5788648,0.42113516,0.5788648
1,0.5434691,0.4565309,0.5434691
0,0.786028,0.786028,0.21397197
1,0.6052159,0.39478415,0.6052159
1,0.6556668,0.3443332,0.6556668
0,0.599192,0.599192,0.400808
1,0.64829934,0.35170063,0.64829934
0,0.60917544,0.60917544,0.3908245
0,0.6820975,0.6820975,0.31790254
0,0.62314755,0.62314755,0.3768524
0,0.6034062,0.6034062,0.39659387
1,0.73802644,0.26197356,0.73802644
1,0.73529875,0.26470125,0.73529875
1,0.637849,0.3621511,0.637849
1,0.65246284,0.3475371,0.65246284
0,0.69473004,0.69473004,0.30527002
1,0.644337,0.355663,0.644337
1,0.5360093,0.4639907,0.5360093
1,0.6551154,0.3448846,0.6551154
1,0.6588841,0.34111592,0.6588841
0,0.55525434,0.55525434,0.44474563
0,0.67270136,0.67270136,0.32729864
1,0.7182363,0.28176367,0.7182363
0,0.63686144,0.63686144,0.3631386
0,0.5788053,0.5788053,0.42119464
0,0.5434085,0.5434085,0.4565915
1,0.5338228,0.46617723,0.5338228
0,0.5084221,0.5084221,0.49157798
0,0.73986906,0.73986906,0.26013094
0,0.82190335,0.82190335,0.17809659
1,0.5483712,0.4516288,0.5483712
1,0.5546514,0.44534862,0.5546514
0,0.59948516,0.59948516,0.40051487
1,0.6304006,0.36959946,0.6304006
1,0.6694748,0.3305252,0.6694748
1,0.80679554,0.19320446,0.80679554
1,0.68814105,0.31185892,0.68814105
0,0.6634237,0.6634237,0.33657634
0,0.54516464,0.54516464,0.45483536
1,0.7027979,0.29720214,0.7027979
0,0.622488,0.622488,0.37751198
0,0.7525472,0.7525472,0.24745284
0,0.6751759,0.6751759,0.3248241
1,0.5621765,0.4378235,0.5621765
1,0.6942508,0.30574915,0.6942508
1,0.5091542,0.49084574,0.5091542
0,0.5526604,0.5526604,0.44733956
1,0.6846595,0.3153405,0.6846595
1,0.52695143,0.47304863,0.52695143
1,0.61855006,0.38144997,0.61855006
1,0.6689884,0.33101162,0.6689884
1,0.7250559,0.27494413,0.7250559
1,0.67498845,0.32501155,0.67498845
1,0.50231934,0.49768066,0.50231934
1,0.54734313,0.45265692,0.54734313
1,0.5172661,0.4827339,0.5172661
1,0.7187795,0.28122053,0.7187795
1,0.70997834,0.29002163,0.70997834
0,0.63663554,0.63663554,0.36336446
1,0.68846846,0.3115316,0.68846846
1,0.6711743,0.3288257,0.6711743
1,0.6864226,0.3135774,0.6864226
1,0.52841175,0.47158828,0.52841175
0,0.5203135,0.5203135,0.47968647
1,0.6128312,0.38716885,0.6128312
1,0.6288064,0.37119362,0.6288064
0,0.5705108,0.5705108,0.4294892
1,0.6442811,0.35571894,0.6442811
1,0.5717666,0.42823339,0.5717666
0,0.5979014,0.5979014,0.40209863
0,0.80829436,0.80829436,0.1917057
0,0.5435296,0.5435296,0.45647034
0,0.50671345,0.50671345,0.4932865
0,0.50305176,0.50305176,0.4969483
0,0.5004883,0.5004883,0.49951175
0,0.6406359,0.6406359,0.35936415
1,0.61624324,0.38375676,0.61624324
1,0.71833515,0.28166488,0.71833515
1,0.5834407,0.41655928,0.5834407
0,0.65577704,0.65577704,0.34422296
0,0.6735944,0.6735944,0.3264056
1,0.7290136,0.27098635,0.7290136
0,0.5901298,0.5901298,0.4098702
1,0.71289474,0.28710526,0.71289474
1,0.80267155,0.19732842,0.80267155
1,0.6585822,0.3414178,0.6585822
1,0.71399283,0.2860072,0.71399283
0,0.6838419,0.6838419,0.3161581
1,0.69808507,0.30191493,0.69808507
0,0.6144518,0.6144518,0.38554814
